leftarm,rightarm
0.2279096103573182,0.2329305668933655
